{
  "providers": {
    "awscloudformation": {
      "AuthRoleName": "amplify-finstaplan-dev-181606-authRole",
      "UnauthRoleArn": "arn:aws:iam::550390192310:role/amplify-finstaplan-dev-181606-unauthRole",
      "AuthRoleArn": "arn:aws:iam::550390192310:role/amplify-finstaplan-dev-181606-authRole",
      "Region": "us-east-1",
      "DeploymentBucketName": "amplify-finstaplan-dev-181606-deployment",
      "UnauthRoleName": "amplify-finstaplan-dev-181606-unauthRole",
      "StackName": "amplify-finstaplan-dev-181606",
      "StackId": "arn:aws:cloudformation:us-east-1:550390192310:stack/amplify-finstaplan-dev-181606/46ef5d70-cf44-11eb-83e6-123f2d95f4cf",
      "AmplifyAppId": "d2xbtd5ogk5taw",
      "AuthTriggerTemplateURL": "https://s3.amazonaws.com/amplify-finstaplan-dev-181606-deployment/amplify-cfn-templates/auth/auth-trigger-cloudformation-template.json"
    }
  },
  "hosting": {
    "amplifyhosting": {
      "service": "amplifyhosting",
      "type": "cicd",
      "lastPushTimeStamp": "2021-06-17T08:20:32.723Z"
    }
  },
  "function": {
    "finstaplanCustomMessage": {
      "build": true,
      "providerPlugin": "awscloudformation",
      "service": "Lambda",
      "lastBuildTimeStamp": "2021-06-28T21:14:50.196Z",
      "lastPackageTimeStamp": "2021-06-28T21:14:50.781Z",
      "distZipFilename": "finstaplanCustomMessage-6e66516a34756b455063-build.zip",
      "s3Bucket": {
        "deploymentBucketName": "amplify-finstaplan-dev-181606-deployment",
        "s3Key": "amplify-builds/finstaplanCustomMessage-6e66516a34756b455063-build.zip"
      },
      "providerMetadata": {
        "s3TemplateURL": "https://s3.amazonaws.com/amplify-finstaplan-dev-181606-deployment/amplify-cfn-templates/function/finstaplanCustomMessage-cloudformation-template.json",
        "logicalId": "functionfinstaplanCustomMessage"
      },
      "lastPushTimeStamp": "2021-09-23T03:59:05.287Z",
      "output": {
        "Region": "us-east-1",
        "Arn": "arn:aws:lambda:us-east-1:550390192310:function:finstaplanCustomMessage-dev",
        "Name": "finstaplanCustomMessage-dev",
        "LambdaExecutionRole": "finstaplanCustomMessage-dev"
      },
      "lastPushDirHash": "9+95QvcWmsJFoN5Gps1uGvKlCSU="
    },
    "finstaplanPostConfirmation": {
      "build": true,
      "providerPlugin": "awscloudformation",
      "service": "Lambda",
      "lastBuildTimeStamp": "2021-06-28T21:14:50.197Z",
      "lastPackageTimeStamp": "2021-06-28T21:14:51.011Z",
      "distZipFilename": "finstaplanPostConfirmation-4c776676557542545332-build.zip",
      "s3Bucket": {
        "deploymentBucketName": "amplify-finstaplan-dev-181606-deployment",
        "s3Key": "amplify-builds/finstaplanPostConfirmation-4c776676557542545332-build.zip"
      },
      "providerMetadata": {
        "s3TemplateURL": "https://s3.amazonaws.com/amplify-finstaplan-dev-181606-deployment/amplify-cfn-templates/function/finstaplanPostConfirmation-cloudformation-template.json",
        "logicalId": "functionfinstaplanPostConfirmation"
      },
      "lastPushTimeStamp": "2021-09-23T03:59:05.295Z",
      "output": {
        "Region": "us-east-1",
        "Arn": "arn:aws:lambda:us-east-1:550390192310:function:finstaplanPostConfirmation-dev",
        "Name": "finstaplanPostConfirmation-dev",
        "LambdaExecutionRole": "finstaplanPostConfirmation-dev"
      },
      "lastPushDirHash": "uMx+t88SqZDUu713T1m+F+aEVHo="
    },
    "AdminQueriesc8adb1da": {
      "service": "Lambda",
      "providerPlugin": "awscloudformation",
      "build": true,
      "dependsOn": [
        {
          "category": "auth",
          "resourceName": "finstaplan",
          "attributes": [
            "UserPoolId"
          ]
        }
      ],
      "lastBuildTimeStamp": "2021-06-28T21:14:50.198Z",
      "lastPackageTimeStamp": "2021-06-28T21:14:54.275Z",
      "distZipFilename": "AdminQueriesc8adb1da-335456466344594c5368-build.zip",
      "s3Bucket": {
        "deploymentBucketName": "amplify-finstaplan-dev-181606-deployment",
        "s3Key": "amplify-builds/AdminQueriesc8adb1da-335456466344594c5368-build.zip"
      },
      "providerMetadata": {
        "s3TemplateURL": "https://s3.amazonaws.com/amplify-finstaplan-dev-181606-deployment/amplify-cfn-templates/function/AdminQueriesc8adb1da-cloudformation-template.json",
        "logicalId": "functionAdminQueriesc8adb1da"
      },
      "lastPushTimeStamp": "2021-09-23T03:59:05.304Z",
      "output": {
        "Region": "us-east-1",
        "Arn": "arn:aws:lambda:us-east-1:550390192310:function:AdminQueriesc8adb1da-dev",
        "Name": "AdminQueriesc8adb1da-dev",
        "LambdaExecutionRole": "AdminQueriesc8adb1daLambdaRole-dev"
      },
      "lastPushDirHash": "HueXcLfhxMcqYFx4VEew7IHyBds="
    }
  },
  "auth": {
    "userPoolGroups": {
      "service": "Cognito-UserPool-Groups",
      "providerPlugin": "awscloudformation",
      "dependsOn": [
        {
          "category": "auth",
          "resourceName": "finstaplan",
          "attributes": [
            "UserPoolId",
            "AppClientIDWeb",
            "AppClientID",
            "IdentityPoolId"
          ]
        }
      ],
      "providerMetadata": {
        "s3TemplateURL": "https://s3.amazonaws.com/amplify-finstaplan-dev-181606-deployment/amplify-cfn-templates/auth/template.json",
        "logicalId": "authuserPoolGroups"
      },
      "lastPushTimeStamp": "2021-09-23T03:59:05.307Z",
      "output": {
        "enterpriseGroupRole": "arn:aws:iam::550390192310:role/us-east-1_XYJXVjd3h-enterpriseGroupRole",
        "dealerGroupGroupRole": "arn:aws:iam::550390192310:role/us-east-1_XYJXVjd3h-dealerGroupGroupRole",
        "advisorGroupRole": "arn:aws:iam::550390192310:role/us-east-1_XYJXVjd3h-advisorGroupRole"
      },
      "lastPushDirHash": "qORauK7u0I/qpGNczJ5BMSEF/jY="
    },
    "finstaplan": {
      "service": "Cognito",
      "providerPlugin": "awscloudformation",
      "dependsOn": [
        {
          "category": "function",
          "resourceName": "finstaplanCustomMessage",
          "triggerProvider": "Cognito",
          "attributes": [
            "Arn",
            "Name"
          ]
        },
        {
          "category": "function",
          "resourceName": "finstaplanPostConfirmation",
          "triggerProvider": "Cognito",
          "attributes": [
            "Arn",
            "Name"
          ]
        }
      ],
      "customAuth": false,
      "providerMetadata": {
        "s3TemplateURL": "https://s3.amazonaws.com/amplify-finstaplan-dev-181606-deployment/amplify-cfn-templates/auth/finstaplan-cloudformation-template.yml",
        "logicalId": "authfinstaplan"
      },
      "lastPushTimeStamp": "2021-09-23T03:59:05.308Z",
      "output": {
        "CreatedSNSRole": "arn:aws:iam::550390192310:role/snse4aa60a1181606-dev",
        "UserPoolId": "us-east-1_XYJXVjd3h",
        "AppClientIDWeb": "i8e2dqlb9l4nl74fueb7a0876",
        "AppClientID": "1u85m7gcv68j0b4m3623m37ncl",
        "HostedUIDomain": "finstaplan-dev",
        "IdentityPoolId": "us-east-1:48220cb8-3074-49f3-bafc-cfb90caae469",
        "UserPoolArn": "arn:aws:cognito-idp:us-east-1:550390192310:userpool/us-east-1_XYJXVjd3h",
        "IdentityPoolName": "finstaplanAuth__dev",
        "OAuthMetadata": "{\"AllowedOAuthFlows\":[\"implicit\"],\"AllowedOAuthScopes\":[\"phone\",\"email\",\"openid\",\"profile\",\"aws.cognito.signin.user.admin\"],\"CallbackURLs\":[\"http://localhost:3000/auth/login/\"],\"LogoutURLs\":[\"http://localhost:3000/\"]}",
        "UserPoolName": "finstaplanUserPool"
      },
      "lastPushDirHash": "gOer2XC66Ie0hPeAIRQz9Kl+JOY="
    }
  },
  "api": {
    "AdminQueries": {
      "service": "API Gateway",
      "providerPlugin": "awscloudformation",
      "authorizationType": "AMAZON_COGNITO_USER_POOLS",
      "dependsOn": [
        {
          "category": "auth",
          "resourceName": "finstaplan",
          "attributes": [
            "UserPoolId"
          ]
        },
        {
          "category": "function",
          "resourceName": "AdminQueriesc8adb1da",
          "attributes": [
            "Arn",
            "Name"
          ]
        }
      ],
      "providerMetadata": {
        "s3TemplateURL": "https://s3.amazonaws.com/amplify-finstaplan-dev-181606-deployment/amplify-cfn-templates/api/admin-queries-cloudformation-template.json",
        "logicalId": "apiAdminQueries"
      },
      "lastPushTimeStamp": "2021-09-23T03:59:05.311Z",
      "output": {
        "ApiName": "AdminQueries",
        "RootUrl": "https://oooepibhxl.execute-api.us-east-1.amazonaws.com/dev",
        "ApiId": "oooepibhxl"
      },
      "lastPushDirHash": "tNhOu+jwvD8eqV9zXEOqzzKEE1w="
    },
    "finstaplan": {
      "service": "AppSync",
      "providerPlugin": "awscloudformation",
      "output": {
        "authConfig": {
          "defaultAuthentication": {
            "authenticationType": "AMAZON_COGNITO_USER_POOLS",
            "userPoolConfig": {
              "userPoolId": "authfinstaplan"
            }
          },
          "additionalAuthenticationProviders": []
        },
        "GraphQLAPIIdOutput": "dbyhygtluvg5neowfoyptdthhy",
        "GraphQLAPIEndpointOutput": "https://shckoslw2fforhxjvjm4cseb2y.appsync-api.us-east-1.amazonaws.com/graphql"
      },
      "providerMetadata": {
        "s3TemplateURL": "https://s3.amazonaws.com/amplify-finstaplan-dev-181606-deployment/amplify-cfn-templates/api/cloudformation-template.json",
        "logicalId": "apifinstaplan"
      },
      "lastPushTimeStamp": "2021-09-23T03:59:07.631Z",
      "lastPushDirHash": "QRJNYBV5ufQqFE7gHm+OnhqFAq8="
    }
  }
}