{
  "hosting": {
    "amplifyhosting": {
      "service": "amplifyhosting",
      "type": "cicd",
      "lastPushTimeStamp": "2021-06-17T08:20:32.723Z"
    }
  },
  "function": {
    "finstaplanCustomMessage": {
      "build": true,
      "providerPlugin": "awscloudformation",
      "service": "Lambda"
    },
    "finstaplanPostConfirmation": {
      "build": true,
      "providerPlugin": "awscloudformation",
      "service": "Lambda"
    },
    "AdminQueriesc8adb1da": {
      "service": "Lambda",
      "providerPlugin": "awscloudformation",
      "build": true,
      "dependsOn": [
        {
          "category": "auth",
          "resourceName": "finstaplan",
          "attributes": [
            "UserPoolId"
          ]
        }
      ]
    }
  },
  "auth": {
    "userPoolGroups": {
      "service": "Cognito-UserPool-Groups",
      "providerPlugin": "awscloudformation",
      "dependsOn": [
        {
          "category": "auth",
          "resourceName": "finstaplan",
          "attributes": [
            "UserPoolId",
            "AppClientIDWeb",
            "AppClientID",
            "IdentityPoolId"
          ]
        }
      ]
    },
    "finstaplan": {
      "service": "Cognito",
      "providerPlugin": "awscloudformation",
      "dependsOn": [
        {
          "category": "function",
          "resourceName": "finstaplanCustomMessage",
          "triggerProvider": "Cognito",
          "attributes": [
            "Arn",
            "Name"
          ]
        },
        {
          "category": "function",
          "resourceName": "finstaplanPostConfirmation",
          "triggerProvider": "Cognito",
          "attributes": [
            "Arn",
            "Name"
          ]
        }
      ],
      "customAuth": false
    }
  },
  "api": {
    "AdminQueries": {
      "service": "API Gateway",
      "providerPlugin": "awscloudformation",
      "authorizationType": "AMAZON_COGNITO_USER_POOLS",
      "dependsOn": [
        {
          "category": "auth",
          "resourceName": "finstaplan",
          "attributes": [
            "UserPoolId"
          ]
        },
        {
          "category": "function",
          "resourceName": "AdminQueriesc8adb1da",
          "attributes": [
            "Arn",
            "Name"
          ]
        }
      ]
    },
    "finstaplan": {
      "service": "AppSync",
      "providerPlugin": "awscloudformation",
      "output": {
        "authConfig": {
          "defaultAuthentication": {
            "authenticationType": "AMAZON_COGNITO_USER_POOLS",
            "userPoolConfig": {
              "userPoolId": "authfinstaplan"
            }
          },
          "additionalAuthenticationProviders": []
        }
      }
    }
  }
}