{
    "identityPoolName": "finstaplanAuth",
    "allowUnauthenticatedIdentities": false,
    "resourceNameTruncated": "finstae4aa60a1",
    "userPoolName": "finstaplanUserPool",
    "autoVerifiedAttributes": [
        "email"
    ],
    "mfaConfiguration": "OPTIONAL",
    "mfaTypes": [
        "SMS Text Message",
        "TOTP"
    ],
    "smsAuthenticationMessage": "Your authentication code is {####}",
    "smsVerificationMessage": "Your verification code is {####}",
    "emailVerificationSubject": "Your verification code",
    "emailVerificationMessage": "Your verification code is {####}",
    "defaultPasswordPolicy": false,
    "passwordPolicyMinLength": 8,
    "passwordPolicyCharacters": [],
    "requiredAttributes": [
        "email"
    ],
    "userpoolClientGenerateSecret": false,
    "userpoolClientRefreshTokenValidity": 30,
    "userpoolClientWriteAttributes": [
        "email"
    ],
    "userpoolClientReadAttributes": [
        "email"
    ],
    "userpoolClientLambdaRole": "finstae4aa60a1_userpoolclient_lambda_role",
    "userpoolClientSetAttributes": false,
    "sharedId": "e4aa60a1",
    "resourceName": "finstaplan",
    "authSelections": "identityPoolAndUserPool",
    "authRoleArn": {
        "Fn::GetAtt": [
            "AuthRole",
            "Arn"
        ]
    },
    "unauthRoleArn": {
        "Fn::GetAtt": [
            "UnauthRole",
            "Arn"
        ]
    },
    "useDefault": "manual",
    "thirdPartyAuth": false,
    "usernameAttributes": [
        "email"
    ],
    "userPoolGroups": true,
    "adminQueries": true,
    "triggers": "{\n  \"CustomMessage\": [\n    \"verification-link\"\n  ],\n  \"PostConfirmation\": [\n    \"add-to-group\"\n  ]\n}",
    "hostedUI": true,
    "hostedUIDomainName": "finstaplan",
    "authProvidersUserPool": [],
    "hostedUIProviderMeta": "[]",
    "oAuthMetadata": "{\"AllowedOAuthFlows\":[\"implicit\"],\"AllowedOAuthScopes\":[\"phone\",\"email\",\"openid\",\"profile\",\"aws.cognito.signin.user.admin\"],\"CallbackURLs\":[\"http://localhost:3000/auth/login/\"],\"LogoutURLs\":[\"http://localhost:3000/\"]}",
    "userPoolGroupList": [
        "dealerGroup",
        "enterprise",
        "advisor"
    ],
    "adminQueryGroup": "admin",
    "serviceName": "Cognito",
    "verificationBucketName": "finstaplanverificationbucket",
    "usernameCaseSensitive": false,
    "parentStack": {
        "Ref": "AWS::StackId"
    },
    "authTriggerConnections": "[\n  {\n    \"triggerType\": \"CustomMessage\",\n    \"lambdaFunctionName\": \"finstaplanCustomMessage\"\n  },\n  {\n    \"triggerType\": \"PostConfirmation\",\n    \"lambdaFunctionName\": \"finstaplanPostConfirmation\"\n  }\n]",
    "breakCircularDependency": true,
    "permissions": [
        "{\n  \"policyName\": \"AddToGroupCognito\",\n  \"trigger\": \"PostConfirmation\",\n  \"effect\": \"Allow\",\n  \"actions\": [\n    \"cognito-idp:AdminAddUserToGroup\",\n    \"cognito-idp:GetGroup\",\n    \"cognito-idp:CreateGroup\"\n  ],\n  \"resource\": {\n    \"paramType\": \"!GetAtt\",\n    \"keys\": [\n      \"UserPool\",\n      \"Arn\"\n    ]\n  }\n}"
    ],
    "dependsOn": [
        {
            "category": "function",
            "resourceName": "finstaplanCustomMessage",
            "triggerProvider": "Cognito",
            "attributes": [
                "Arn",
                "Name"
            ]
        },
        {
            "category": "function",
            "resourceName": "finstaplanPostConfirmation",
            "triggerProvider": "Cognito",
            "attributes": [
                "Arn",
                "Name"
            ]
        }
    ]
}