{
  "trigger": true,
  "modules": [
    "add-to-group"
  ],
  "parentResource": "finstaplan",
  "functionName": "finstaplanPostConfirmation",
  "resourceName": "finstaplanPostConfirmation",
  "parentStack": "auth",
  "triggerEnvs": [],
  "triggerDir": "/home/sean2evo/.nvm/versions/node/v16.1.0/lib/node_modules/@aws-amplify/cli/node_modules/amplify-category-auth/provider-utils/awscloudformation/triggers/PostConfirmation",
  "triggerTemplate": "PostConfirmation.json.ejs",
  "triggerEventPath": "PostConfirmation.event.json",
  "roleName": "finstaplanPostConfirmation",
  "skipEdit": true,
  "GROUP": "advisors",
  "enableCors": false
}