{
  "trigger": true,
  "modules": [
    "verification-link"
  ],
  "parentResource": "finstaplan",
  "functionName": "finstaplanCustomMessage",
  "resourceName": "finstaplanCustomMessage",
  "parentStack": "auth",
  "triggerEnvs": [
    {
      "key": "RESOURCENAME",
      "value": "resourceName"
    }
  ],
  "triggerDir": "/home/sean2evo/.nvm/versions/node/v16.1.0/lib/node_modules/@aws-amplify/cli/node_modules/amplify-category-auth/provider-utils/awscloudformation/triggers/CustomMessage",
  "triggerTemplate": "CustomMessage.json.ejs",
  "triggerEventPath": "CustomMessage.event.json",
  "roleName": "finstaplanCustomMessage",
  "skipEdit": true,
  "REDIRECTURL": "http://localhost:3000/auth/{clientId}",
  "EMAILSUBJECT": "",
  "EMAILMESSAGE": "",
  "RESOURCENAME": "resourceName",
  "enableCors": false
}